Workbook

Sheet README
A1: 駐車場利用実績 集計・分析ツール | B1: Excelでのデータ整理・集計・分析・可視化を想定
A2: 目的 | B2: 駐車場の利用実績を入力データとして、データクレンジング、基本統計、相関・回帰分析、予測、集計、グラフ化までを一連の業務フローとして設計。
A3: 想定業務 | B3: 社内向けExcelツールの作成・改修、データ整理、定型集計、業務改善、分析結果の共有を想定。
A4: データ | B4: 架空データ。4拠点・約500日分。実在企業・実在施設のデータではありません。
A5: 使い方① | B5: 「実績データ」シートに日々のデータが蓄積されている想定。
A6: 使い方② | B6: 「クレンジング」で駐車場名の表記ゆれをSUBSTITUTEで統一。
A7: 使い方③ | B7: 「統計分析」で平均・中央値・標準偏差・相関・回帰・予測を確認。
A8: 使い方④ | B8: 「ピボット集計」で駐車場別・月別・曜日別の集計を確認。
A9: 使い方⑤ | B9: 「ダッシュボード」で主要KPIとグラフを一覧化。
A10: 使い方⑥ | B10: 「予測シミュレーション」で想定利用台数を変更し、予測売上を比較。
A11: 主なExcel機能 | B11: SUBSTITUTE / AVERAGE / MEDIAN / MAX / MIN / COUNT /STDEVP / CORREL / SLOPE / INTERCEPT / FORECAST / テーブル / ピボットテーブル / ピボットグラフN / ヒートマップ
A12: 設計上のポイント | B12: 「入力→整理→集計→分析→可視化→判断」の流れを意識。

Sheet 実績データ
A1: 日付 | B1: 曜日 | C1: 駐車場名（原文） | D1: 駐車場名（クレンジング前） | E1: 時間帯 | F1: 利用台数 | G1: 売上（円） | H1: 稼働率 | I1: 平均利用時間（分） | J1: 天候
A2: 45748 | B2: Tue | C2: A駐車場 (新宿駅前) | D2: A駐車場 (新宿駅前) | E2: 20-24時 | F2: 210 | G2: 257706 | H2: 0.81726827 | I2: 84 | J2: 晴
A3: 45749 | B3: Wed | C3: A駐車場 (新宿駅前) | D3: A駐車場 (新宿駅前) | E3: 20-24時 | F3: 208 | G3: 255328 | H3: 0.79188725 | I3: 71 | J3: 晴
A4: 45750 | B4: Thu | C4: B駐車場 (渋谷南) | D4: B駐車場 (渋谷南) | E4: 20-24時 | F4: 176 | G4: 221279 | H4: 0.71714088 | I4: 68 | J4: 晴
A5: 45751 | B5: Fri | C5: C駐車場（池袋西口） | D5: C駐車場（池袋西口） | E5: 16-20時 | F5: 137 | G5: 171258 | H5: 0.52829945 | I5: 64 | J5: 雨
A6: 45752 | B6: Sat | C6: C駐車場（池袋西口） | D6: C駐車場（池袋西口） | E6: 16-20時 | F6: 125 | G6: 135544 | H6: 0.47525878 | I6: 58 | J6: 雨
A7: 45753 | B7: Sun | C7: C駐車場（池袋西口） | D7: C駐車場（池袋西口） | E7: 12-16時 | F7: 126 | G7: 141186 | H7: 0.50875188 | I7: 69 | J7: 曇
A8: 45754 | B8: Mon | C8: A駐車場（新宿駅前） | D8: A駐車場（新宿駅前） | E8: 16-20時 | F8: 181 | G8: 229841 | H8: 0.70666926 | I8: 67 | J8: 曇
A9: 45755 | B9: Tue | C9: A駐車場（新宿駅前） | D9: A駐車場（新宿駅前） | E9: 12-16時 | F9: 187 | G9: 223484 | H9: 0.71649664 | I9: 67 | J9: 雨
A10: 45756 | B10: Wed | C10: C駐車場（池袋西口） | D10: C駐車場（池袋西口） | E10: 16-20時 | F10: 157 | G10: 169505 | H10: 0.60501975 | I10: 70 | J10: 曇
A11: 45757 | B11: Thu | C11: A駐車場（新宿駅前） | D11: A駐車場（新宿駅前） | E11: 20-24時 | F11: 206 | G11: 279176 | H11: 0.81400656 | I11: 67 | J11: 雨
A12: 45758 | B12: Fri | C12: B駐車場 (渋谷南) | D12: B駐車場 (渋谷南) | E12: 20-24時 | F12: 188 | G12: 242111 | H12: 0.69775572 | I12: 75 | J12: 雨
A13: 45759 | B13: Sat | C13: C駐車場（池袋西口） | D13: C駐車場（池袋西口） | E13: 12-16時 | F13: 162 | G13: 233601 | H13: 0.60782323 | I13: 67 | J13: 晴
... A501: 46247 | B501: Thu | C501: A駐車場（新宿駅前） | D501: A駐車場（新宿駅前） | E501: 16-20時 | F501: 159 | G501: 198316 | H501: 0.65744594 | I501: 79 | J501: 雨

Sheet クレンジング
A1: 日付 | B1: 駐車場名（原文） | C1: 駐車場名（クレンジング済） | D1: 利用台数 | E1: 売上（円） | F1: 稼働率 | G1: 平均利用時間（分） | H1: 月 | I1: 曜日
A2: =実績データ!A2 -> 45748 | B2: =実績データ!C2 -> A駐車場 (新宿駅前) | C2: =SUBSTITUTE(SUBSTITUTE(SUBSTITUTE(SUBSTITUTE(B2," ","")," ",""),"(","（"),")","）") -> A駐車場（新宿駅前） | D2: =実績データ!F2 -> 210 | E2: =実績データ!G2 -> 257706 | F2: =実績データ!H2 -> 0.81726827 | G2: =実績データ!I2 -> 84 | H2: =TEXT(A2,"yyyy-mm") -> 2025-04 | I2: =TEXT(A2,"aaa") -> 火
A3: =実績データ!A3 -> 45749 | B3: =実績データ!C3 -> A駐車場 (新宿駅前) | C3: =SUBSTITUTE(SUBSTITUTE(SUBSTITUTE(SUBSTITUTE(B3," ","")," ",""),"(","（"),")","）") -> A駐車場（新宿駅前） | D3: =実績データ!F3 -> 208 | E3: =実績データ!G3 -> 255328 | F3: =実績データ!H3 -> 0.79188725 | G3: =実績データ!I3 -> 71 | H3: =TEXT(A3,"yyyy-mm") -> 2025-04 | I3: =TEXT(A3,"aaa") -> 水
A4: =実績データ!A4 -> 45750 | B4: =実績データ!C4 -> B駐車場 (渋谷南) | C4: =SUBSTITUTE(SUBSTITUTE(SUBSTITUTE(SUBSTITUTE(B4," ","")," ",""),"(","（"),")","）") -> B駐車場（渋谷南） | D4: =実績データ!F4 -> 176 | E4: =実績データ!G4 -> 221279 | F4: =実績データ!H4 -> 0.71714088 | G4: =実績データ!I4 -> 68 | H4: =TEXT(A4,"yyyy-mm") -> 2025-04 | I4: =TEXT(A4,"aaa") -> 木
A5: =実績データ!A5 -> 45751 | B5: =実績データ!C5 -> C駐車場（池袋西口） | C5: =SUBSTITUTE(SUBSTITUTE(SUBSTITUTE(SUBSTITUTE(B5," ","")," ",""),"(","（"),")","）") -> C駐車場（池袋西口） | D5: =実績データ!F5 -> 137 | E5: =実績データ!G5 -> 171258 | F5: =実績データ!H5 -> 0.52829945 | G5: =実績データ!I5 -> 64 | H5: =TEXT(A5,"yyyy-mm") -> 2025-04 | I5: =TEXT(A5,"aaa") -> 金
A6: =実績データ!A6 -> 45752 | B6: =実績データ!C6 -> C駐車場（池袋西口） | C6: =SUBSTITUTE(SUBSTITUTE(SUBSTITUTE(SUBSTITUTE(B6," ","")," ",""),"(","（"),")","）") -> C駐車場（池袋西口） | D6: =実績データ!F6 -> 125 | E6: =実績データ!G6 -> 135544 | F6: =実績データ!H6 -> 0.47525878 | G6: =実績データ!I6 -> 58 | H6: =TEXT(A6,"yyyy-mm") -> 2025-04 | I6: =TEXT(A6,"aaa") -> 土
A7: =実績データ!A7 -> 45753 | B7: =実績データ!C7 -> C駐車場（池袋西口） | C7: =SUBSTITUTE(SUBSTITUTE(SUBSTITUTE(SUBSTITUTE(B7," ","")," ",""),"(","（"),")","）") -> C駐車場（池袋西口） | D7: =実績データ!F7 -> 126 | E7: =実績データ!G7 -> 141186 | F7: =実績データ!H7 -> 0.50875188 | G7: =実績データ!I7 -> 69 | H7: =TEXT(A7,"yyyy-mm") -> 2025-04 | I7: =TEXT(A7,"aaa") -> 日
A8: =実績データ!A8 -> 45754 | B8: =実績データ!C8 -> A駐車場（新宿駅前） | C8: =SUBSTITUTE(SUBSTITUTE(SUBSTITUTE(SUBSTITUTE(B8," ","")," ",""),"(","（"),")","）") -> A駐車場（新宿駅前） | D8: =実績データ!F8 -> 181 | E8: =実績データ!G8 -> 229841 | F8: =実績データ!H8 -> 0.70666926 | G8: =実績データ!I8 -> 67 | H8: =TEXT(A8,"yyyy-mm") -> 2025-04 | I8: =TEXT(A8,"aaa") -> 月
A9: =実績データ!A9 -> 45755 | B9: =実績データ!C9 -> A駐車場（新宿駅前） | C9: =SUBSTITUTE(SUBSTITUTE(SUBSTITUTE(SUBSTITUTE(B9," ","")," ",""),"(","（"),")","）") -> A駐車場（新宿駅前） | D9: =実績データ!F9 -> 187 | E9: =実績データ!G9 -> 223484 | F9: =実績データ!H9 -> 0.71649664 | G9: =実績データ!I9 -> 67 | H9: =TEXT(A9,"yyyy-mm") -> 2025-04 | I9: =TEXT(A9,"aaa") -> 火
A10: =実績データ!A10 -> 45756 | B10: =実績データ!C10 -> C駐車場（池袋西口） | C10: =SUBSTITUTE(SUBSTITUTE(SUBSTITUTE(SUBSTITUTE(B10," ","")," ",""),"(","（"),")","）") -> C駐車場（池袋西口） | D10: =実績データ!F10 -> 157 | E10: =実績データ!G10 -> 169505 | F10: =実績データ!H10 -> 0.60501975 | G10: =実績データ!I10 -> 70 | H10: =TEXT(A10,"yyyy-mm") -> 2025-04 | I10: =TEXT(A10,"aaa") -> 水
A11: =実績データ!A11 -> 45757 | B11: =実績データ!C11 -> A駐車場（新宿駅前） | C11: =SUBSTITUTE(SUBSTITUTE(SUBSTITUTE(SUBSTITUTE(B11," ","")," ",""),"(","（"),")","）") -> A駐車場（新宿駅前） | D11: =実績データ!F11 -> 206 | E11: =実績データ!G11 -> 279176 | F11: =実績データ!H11 -> 0.81400656 | G11: =実績データ!I11 -> 67 | H11: =TEXT(A11,"yyyy-mm") -> 2025-04 | I11: =TEXT(A11,"aaa") -> 木
A12: =実績データ!A12 -> 45758 | B12: =実績データ!C12 -> B駐車場 (渋谷南) | C12: =SUBSTITUTE(SUBSTITUTE(SUBSTITUTE(SUBSTITUTE(B12," ","")," ",""),"(","（"),")","）") -> B駐車場（渋谷南） | D12: =実績データ!F12 -> 188 | E12: =実績データ!G12 -> 242111 | F12: =実績データ!H12 -> 0.69775572 | G12: =実績データ!I12 -> 75 | H12: =TEXT(A12,"yyyy-mm") -> 2025-04 | I12: =TEXT(A12,"aaa") -> 金
A13: =実績データ!A13 -> 45759 | B13: =実績データ!C13 -> C駐車場（池袋西口） | C13: =SUBSTITUTE(SUBSTITUTE(SUBSTITUTE(SUBSTITUTE(B13," ","")," ",""),"(","（"),")","）") -> C駐車場（池袋西口） | D13: =実績データ!F13 -> 162 | E13: =実績データ!G13 -> 233601 | F13: =実績データ!H13 -> 0.60782323 | G13: =実績データ!I13 -> 67 | H13: =TEXT(A13,"yyyy-mm") -> 2025-04 | I13: =TEXT(A13,"aaa") -> 土
... A501: =実績データ!A501 -> 46247 | B501: =実績データ!C501 -> A駐車場（新宿駅前） | C501: =SUBSTITUTE(SUBSTITUTE(SUBSTITUTE(SUBSTITUTE(B501," ","")," ",""),"(","（"),")","）") -> A駐車場（新宿駅前） | D501: =実績データ!F501 -> 159 | E501: =実績データ!G501 -> 198316 | F501: =実績データ!H501 -> 0.65744594 | G501: =実績データ!I501 -> 79 | H501: =TEXT(A501,"yyyy-mm") -> 2026-08 | I501: =TEXT(A501,"aaa") -> 木

Sheet 統計分析
A1: 統計・相関・回帰分析
A3: 指標 | B3: 計算結果 | C3: 使用関数 | D3: 実務上の意味
A4: データ件数 | B4: =COUNT(クレンジング!D2:D501) -> 500 | C4: COUNT | D4: 分析対象となる日次データ件数
A5: 利用台数平均 | B5: =AVERAGE(クレンジング!D2:D501) -> 151.13 | C5: AVERAGE | D5: 1日あたりの平均利用台数
A6: 利用台数中央値 | B6: =MEDIAN(クレンジング!D2:D501) -> 149 | C6: MEDIAN | D6: 外れ値の影響を受けにくい中心値
A7: 最大利用台数 | B7: =MAX(クレンジング!D2:D501) -> 255 | C7: MAX | D7: ピーク時の利用規模
A8: 最小利用台数 | B8: =MIN(クレンジング!D2:D501) -> 60 | C8: MIN | D8: 低稼働日の利用規模
A9: 利用台数の標準偏差 | B9: =STDEVP(クレンジング!D2:D501) -> 35.128978 | C9: STDEVP（STDEV.P相当） | D9: 日ごとの利用台数のばらつき
A10: 売上平均 | B10: =AVERAGE(クレンジング!E2:E501) -> 182647.92 | C10: AVERAGE | D10: 1日あたりの平均売上
A11: 売上標準偏差 | B11: =STDEVP(クレンジング!E2:E501) -> 46165.807 | C11: STDEVP | D11: 日ごとの売上のばらつき
A14: 相関・回帰モデル
A15: 指標 | B15: 計算結果 | C15: 使用関数 | D15: 解釈
A16: 相関係数（利用台数×売上） | B16: =CORREL(クレンジング!D2:D501,クレンジング!E2:E501) -> 0.96601688 | C16: CORREL | D16: 1に近いほど強い正の相関
A17: 回帰直線 傾き | B17: =SLOPE(クレンジング!E2:E501,クレンジング!D2:D501) -> 1269.5202 | C17: SLOPE | D17: 利用台数1台増加時の売上増加傾向
A18: 回帰直線 切片 | B18: =INTERCEPT(クレンジング!E2:E501,クレンジング!D2:D501) -> -9214.6702 | C18: INTERCEPT | D18: 回帰直線上の切片。実測の固定費・ベース売上を意味するとは限らない
A19: 利用台数160台時の予測売上 | B19: =FORECAST(160,クレンジング!E2:E501,クレンジング!D2:D501) -> 193908.57 | C19: FORECAST | D19: 160台を仮定した場合の回帰モデル上の予測売上
A22: 回帰式 | B22: ="y = "&TEXT(B17,"#,##0.0")&"x "&TEXT(B18,"+#,##0;-#,##0;0") -> y = 1,269.5x -9,215

Sheet 集計
A1: ピボット集計
A3: 駐車場別 集計
A4: 駐車場名 | B4: 総利用台数 | C4: 総売上（円） | D4: 平均利用台数 | E4: 平均稼働率 | F4: 売上構成比
A5: A駐車場（新宿駅前） | B5: =SUMIF(クレンジング!$C$2:$C$501,A5,クレンジング!$D$2:$D$501) -> 21024 | C5: =SUMIF(クレンジング!$C$2:$C$501,A5,クレンジング!$E$2:$E$501) -> 25658261 | D5: =AVERAGEIF(クレンジング!$C$2:$C$501,A5,クレンジング!$D$2:$D$501) -> 179.69231 | E5: =AVERAGEIF(クレンジング!$C$2:$C$501,A5,クレンジング!$F$2:$F$501) -> 0.68804875 | F5: =C5/SUM($C$5:$C$8) -> 0.28095869
A6: B駐車場（渋谷南） | B6: =SUMIF(クレンジング!$C$2:$C$501,A6,クレンジング!$D$2:$D$501) -> 22704 | C6: =SUMIF(クレンジング!$C$2:$C$501,A6,クレンジング!$E$2:$E$501) -> 28019519 | D6: =AVERAGEIF(クレンジング!$C$2:$C$501,A6,クレンジング!$D$2:$D$501) -> 176 | E6: =AVERAGEIF(クレンジング!$C$2:$C$501,A6,クレンジング!$F$2:$F$501) -> 0.68132087 | F6: =C6/SUM($C$5:$C$8) -> 0.30681454
A7: C駐車場（池袋西口） | B7: =SUMIF(クレンジング!$C$2:$C$501,A7,クレンジング!$D$2:$D$501) -> 15642 | C7: =SUMIF(クレンジング!$C$2:$C$501,A7,クレンジング!$E$2:$E$501) -> 18628589 | D7: =AVERAGEIF(クレンジング!$C$2:$C$501,A7,クレンジング!$D$2:$D$501) -> 126.14516 | E7: =AVERAGEIF(クレンジング!$C$2:$C$501,A7,クレンジング!$F$2:$F$501) -> 0.48485668 | F7: =C7/SUM($C$5:$C$8) -> 0.20398358
A8: D駐車場（横浜元町） | B8: =SUMIF(クレンジング!$C$2:$C$501,A8,クレンジング!$D$2:$D$501) -> 16195 | C8: =SUMIF(クレンジング!$C$2:$C$501,A8,クレンジング!$E$2:$E$501) -> 19017593 | D8: =AVERAGEIF(クレンジング!$C$2:$C$501,A8,クレンジング!$D$2:$D$501) -> 124.57692 | E8: =AVERAGEIF(クレンジング!$C$2:$C$501,A8,クレンジング!$F$2:$F$501) -> 0.47972642 | F8: =C8/SUM($C$5:$C$8) -> 0.20824319
A9: 総計 | B9: =SUM(B5:B8) -> 75565 | C9: =SUM(C5:C8) -> 91323962 | D9: =AVERAGE(クレンジング!D2:D501) -> 151.13 | E9: =AVERAGE(クレンジング!F2:F501) -> 0.58175752 | F9: =SUM(F5:F8) -> 1
A24: 月別 集計
A25: 月 | B25: 総利用台数 | C25: 総売上（円） | D25: 平均稼働率 | E25: 平均利用台数 | F25: 売上構成比
A26: 2025-04 | B26: =SUMIF(クレンジング!$H$2:$H$501,A26,クレンジング!$D$2:$D$501) -> 5092 | C26: =SUMIF(クレンジング!$H$2:$H$501,A26,クレンジング!$E$2:$E$501) -> 6220861 | D26: =AVERAGEIF(クレンジング!$H$2:$H$501,A26,クレンジング!$F$2:$F$501) -> 0.65463656 | E26: =AVERAGEIF(クレンジング!$H$2:$H$501,A26,クレンジング!$D$2:$D$501) -> 169.73333 | F26: =C26/SUM($C$26:$C$42) -> 0.068118606
A27: 2025-05 | B27: =SUMIF(クレンジング!$H$2:$H$501,A27,クレンジング!$D$2:$D$501) -> 5240 | C27: =SUMIF(クレンジング!$H$2:$H$501,A27,クレンジング!$E$2:$E$501) -> 6300767 | D27: =AVERAGEIF(クレンジング!$H$2:$H$501,A27,クレンジング!$F$2:$F$501) -> 0.65026484 | E27: =AVERAGEIF(クレンジング!$H$2:$H$501,A27,クレンジング!$D$2:$D$501) -> 169.03226 | F27: =C27/SUM($C$26:$C$42) -> 0.068993579
A28: 2025-06 | B28: =SUMIF(クレンジング!$H$2:$H$501,A28,クレンジング!$D$2:$D$501) -> 4370 | C28: =SUMIF(クレンジング!$H$2:$H$501,A28,クレンジング!$E$2:$E$501) -> 5258015 | D28: =AVERAGEIF(クレンジング!$H$2:$H$501,A28,クレンジング!$F$2:$F$501) -> 0.5525555 | E28: =AVERAGEIF(クレンジング!$H$2:$H$501,A28,クレンジング!$D$2:$D$501) -> 145.66667 | F28: =C28/SUM($C$26:$C$42) -> 0.057575415
A29: 2025-07 | B29: =SUMIF(クレンジング!$H$2:$H$501,A29,クレンジング!$D$2:$D$501) -> 4395 | C29: =SUMIF(クレンジング!$H$2:$H$501,A29,クレンジング!$E$2:$E$501) -> 5245098 | D29: =AVERAGEIF(クレンジング!$H$2:$H$501,A29,クレンジング!$F$2:$F$501) -> 0.54227932 | E29: =AVERAGEIF(クレンジング!$H$2:$H$501,A29,クレンジング!$D$2:$D$501) -> 141.77419 | F29: =C29/SUM($C$26:$C$42) -> 0.057433973
A30: 2025-08 | B30: =SUMIF(クレンジング!$H$2:$H$501,A30,クレンジング!$D$2:$D$501) -> 4178 | C30: =SUMIF(クレンジング!$H$2:$H$501,A30,クレンジング!$E$2:$E$501) -> 5041050 | D30: =AVERAGEIF(クレンジング!$H$2:$H$501,A30,クレンジング!$F$2:$F$501) -> 0.53217339 | E30: =AVERAGEIF(クレンジング!$H$2:$H$501,A30,クレンジング!$D$2:$D$501) -> 134.77419 | F30: =C30/SUM($C$26:$C$42) -> 0.055199642
A31: 2025-09 | B31: =SUMIF(クレンジング!$H$2:$H$501,A31,クレンジング!$D$2:$D$501) -> 3961 | C31: =SUMIF(クレンジング!$H$2:$H$501,A31,クレンジング!$E$2:$E$501) -> 4851450 | D31: =AVERAGEIF(クレンジング!$H$2:$H$501,A31,クレンジング!$F$2:$F$501) -> 0.50380556 | E31: =AVERAGEIF(クレンジング!$H$2:$H$501,A31,クレンジング!$D$2:$D$501) -> 132.03333 | F31: =C31/SUM($C$26:$C$42) -> 0.053123516
A32: 2025-10 | B32: =SUMIF(クレンジング!$H$2:$H$501,A32,クレンジング!$D$2:$D$501) -> 3940 | C32: =SUMIF(クレンジング!$H$2:$H$501,A32,クレンジング!$E$2:$E$501) -> 4755396 | D32: =AVERAGEIF(クレンジング!$H$2:$H$501,A32,クレンジング!$F$2:$F$501) -> 0.49391247 | E32: =AVERAGEIF(クレンジング!$H$2:$H$501,A32,クレンジング!$D$2:$D$501) -> 127.09677 | F32: =C32/SUM($C$26:$C$42) -> 0.052071722
A33: 2025-11 | B33: =SUMIF(クレンジング!$H$2:$H$501,A33,クレンジング!$D$2:$D$501) -> 4131 | C33: =SUMIF(クレンジング!$H$2:$H$501,A33,クレンジング!$E$2:$E$501) -> 4878825 | D33: =AVERAGEIF(クレンジング!$H$2:$H$501,A33,クレンジング!$F$2:$F$501) -> 0.52595826 | E33: =AVERAGEIF(クレンジング!$H$2:$H$501,A33,クレンジング!$D$2:$D$501) -> 137.7 | F33: =C33/SUM($C$26:$C$42) -> 0.053423274
A34: 2025-12 | B34: =SUMIF(クレンジング!$H$2:$H$501,A34,クレンジング!$D$2:$D$501) -> 4333 | C34: =SUMIF(クレンジング!$H$2:$H$501,A34,クレンジング!$E$2:$E$501) -> 5259467 | D34: =AVERAGEIF(クレンジング!$H$2:$H$501,A34,クレンジング!$F$2:$F$501) -> 0.53273355 | E34: =AVERAGEIF(クレンジング!$H$2:$H$501,A34,クレンジング!$D$2:$D$501) -> 139.77419 | F34: =C34/SUM($C$26:$C$42) -> 0.057591314
A35: 2026-01 | B35: =SUMIF(クレンジング!$H$2:$H$501,A35,クレンジング!$D$2:$D$501) -> 4564 | C35: =SUMIF(クレンジング!$H$2:$H$501,A35,クレンジング!$E$2:$E$501) -> 5666186 | D35: =AVERAGEIF(クレンジング!$H$2:$H$501,A35,クレンジング!$F$2:$F$501) -> 0.5598489 | E35: =AVERAGEIF(クレンジング!$H$2:$H$501,A35,クレンジング!$D$2:$D$501) -> 147.22581 | F35: =C35/SUM($C$26:$C$42) -> 0.062044899
A36: 2026-02 | B36: =SUMIF(クレンジング!$H$2:$H$501,A36,クレンジング!$D$2:$D$501) -> 4565 | C36: =SUMIF(クレンジング!$H$2:$H$501,A36,クレンジング!$E$2:$E$501) -> 5487008 | D36: =AVERAGEIF(クレンジング!$H$2:$H$501,A36,クレンジング!$F$2:$F$501) -> 0.61225795 | E36: =AVERAGEIF(クレンジング!$H$2:$H$501,A36,クレンジング!$D$2:$D$501) -> 163.03571 | F36: =C36/SUM($C$26:$C$42) -> 0.060082895
A37: 2026-03 | B37: =SUMIF(クレンジング!$H$2:$H$501,A37,クレンジング!$D$2:$D$501) -> 4985 | C37: =SUMIF(クレンジング!$H$2:$H$501,A37,クレンジング!$E$2:$E$501) -> 5943582 | D37: =AVERAGEIF(クレンジング!$H$2:$H$501,A37,クレンジング!$F$2:$F$501) -> 0.62226207 | E37: =AVERAGEIF(クレンジング!$H$2:$H$501,A37,クレンジング!$D$2:$D$501) -> 160.80645 | F37: =C37/SUM($C$26:$C$42) -> 0.065082393
... A42: 2026-08 | B42: =SUMIF(クレンジング!$H$2:$H$501,A42,クレンジング!$D$2:$D$501) -> 1846 | C42: =SUMIF(クレンジング!$H$2:$H$501,A42,クレンジング!$E$2:$E$501) -> 2228534 | D42: =AVERAGEIF(クレンジング!$H$2:$H$501,A42,クレンジング!$F$2:$F$501) -> 0.54426259 | E42: =AVERAGEIF(クレンジング!$H$2:$H$501,A42,クレンジング!$D$2:$D$501) -> 142 | F42: =C42/SUM($C$26:$C$42) -> 0.024402511
A47: 駐車場別×曜日別 平均稼働率ヒートマップ
A48: 平均稼働率 | B48: 列ラベル
A49: 駐車場名 | B49: 月 | C49: 火 | D49: 水 | E49: 木 | F49: 金 | G49: 土 | H49: 日 | I49: 総計
A50: A駐車場（新宿駅前） | B50: 0.67828518 | C50: 0.68271028 | D50: 0.691072 | E50: 0.71386263 | F50: 0.66045649 | G50: 0.67242532 | H50: 0.72615293 | I50: 0.68804875
A51: B駐車場（渋谷南） | B51: 0.6457375 | C51: 0.71034845 | D51: 0.65949795 | E51: 0.66252633 | F51: 0.67233706 | G51: 0.71201922 | H51: 0.71318922 | I51: 0.68132087
A52: C駐車場（池袋西口） | B52: 0.48155981 | C52: 0.42474823 | D52: 0.48620118 | E52: 0.48206548 | F52: 0.48149224 | G52: 0.50642292 | H52: 0.51703234 | I52: 0.48485668
A53: D駐車場（横浜元町） | B53: 0.47487511 | C53: 0.46420755 | D53: 0.48679166 | E53: 0.46398443 | F53: 0.46797791 | G53: 0.50818799 | H53: 0.4928695 | I53: 0.47972642
A54: 総計 | B54: 0.56065513 | C54: 0.56834528 | D54: 0.57194049 | E54: 0.58022373 | F54: 0.58715758 | G54: 0.5899956 | H54: 0.61433359 | I54: 0.58175752

Sheet ダッシュボード
A1: 駐車場利用実績 ダッシュボード
A3: 総売上 | C3: 平均稼働率 | E3: 平均利用台数 | G3: 相関係数 | I3: 160台時予測売上
A4: =集計!C9 -> 91323962 | C4: =集計!E9 -> 0.58175752 | E4: =集計!D9 -> 151.13 | G4: =統計分析!B16 -> 0.96601688 | I4: =統計分析!B19 -> 193908.57
A27: 分析メモ
A28: 利用台数と売上の相関係数・回帰式を確認し、駐車場別・月別の売上構成を比較することで、集計結果を業務上の判断材料として利用できる構成。

Sheet 予測シミュレーション
A1: 予測シミュレーション
A3: 想定利用台数 | B3: 160
A4: 予測売上 | B4: =FORECAST(B3,クレンジング!E2:E501,クレンジング!D2:D501) -> 193908.57
A6: 使い方 | B6: B3の数値を120～200などに変更すると、回帰モデルに基づく予測売上が自動更新されます。
A10: 想定利用台数 | B10: 予測売上
A11: 120 | B11: =FORECAST(A11,クレンジング!E2:E501,クレンジング!D2:D501) -> 143127.76
A12: 140 | B12: =FORECAST(A12,クレンジング!E2:E501,クレンジング!D2:D501) -> 168518.16
A13: 160 | B13: =FORECAST(A13,クレンジング!E2:E501,クレンジング!D2:D501) -> 193908.57
A14: 180 | B14: =FORECAST(A14,クレンジング!E2:E501,クレンジング!D2:D501) -> 219298.97
A15: 200 | B15: =FORECAST(A15,クレンジング!E2:E501,クレンジング!D2:D501) -> 244689.38
